{"cameraMode":{"drawMode":0,"name":"Shaded","section":"Shading Mode"},"sceneLighting":false,"audioPlay":false,"sceneViewState":{"showFog":true,"showMaterialUpdate":false,"showSkybox":true,"showFlares":true,"showImageEffects":true,"showParticleSystems":true},"in2DMode":false,"pivot":{"x":0.8530411124229431,"y":-2.5987086296081545,"z":-21.492830276489259},"rotation":{"x":-0.5443710088729858,"y":0.06854507327079773,"z":-0.04469995200634003,"w":-0.834875762462616},"size":8.376984596252442,"orthographic":false}